------------------------------------------------------ UPDATE local db with Appraisals ------------------------------------------------------ 

DELETE FROM SERVICEPRODUCTREQUESTASSOC WHERE SERVICEPRODUCTID IN (4,5);
DELETE FROM SERVICEPRODUCT WHERE SERVICEPRODUCTID IN (4,5);
DELETE FROM PAYLOADTYPE WHERE PAYLOADTYPEID IN (12, 13);
DELETE FROM DOCUMENTTYPE WHERE DOCUMENTTYPEID IN (92, 93);

------------ 1) SERVICEPRODUCT
INSERT INTO SERVICEPRODUCT ( SERVICEPRODUCTID, SERVICETYPEID, SERVICESUBTYPEID, SERVICESUBSUBTYPEID,SERVICEPROVIDERID, SERVICEPRODUCTNAME, SERVICEPRODUCTDESC, SERVICEPRODUCTVERSION, STARTDATE, ENDDATE, DISABLEDATE ) 
		 VALUES (5, 6, 2, 5, 1, 'Drive By', 'Drive-by Appraisal', '1.0',	TO_Date( '04/04/2006 08:41:41 PM', 'MM/DD/YYYY HH:MI:SS AM'), NULL, NULL); 
INSERT INTO SERVICEPRODUCT ( SERVICEPRODUCTID, SERVICETYPEID, SERVICESUBTYPEID, SERVICESUBSUBTYPEID, SERVICEPROVIDERID, SERVICEPRODUCTNAME, SERVICEPRODUCTDESC, SERVICEPRODUCTVERSION, STARTDATE, ENDDATE, DISABLEDATE ) 
		 VALUES (4, 6, 2, 4, 1, 'Full', 'Full Appraisal', '1.0',	TO_Date( '04/04/2006 08:41:41 PM', 'MM/DD/YYYY HH:MI:SS AM'), NULL, NULL); 

------------ 2) DOCUMENTTYPE
INSERT INTO DOCUMENTTYPE ( DOCUMENTTYPEID, DOCUMENTTYPENAME ) VALUES ( 93, 'Appraisal Upload CANCEL'); 
INSERT INTO DOCUMENTTYPE ( DOCUMENTTYPEID, DOCUMENTTYPENAME ) VALUES ( 92, 'Appraisal Upload REQUEST'); 

------------ 3) PAYLOADTYPE
INSERT INTO PAYLOADTYPE ( PAYLOADTYPEID, DOCUMENTTYPEID, PAYLOADTYPEDESC, PAYLOADVERSION, XMLSCHEMANAME, NONAMESCHEMALOCATION ) 
		VALUES (13, 93, 'Appraisal Upload CANCEL', '1', 'ServiceCancel', 'http://10.1.1.225:8080/appraisal/schemas/cancelOrderRequest.xsd'); 
INSERT INTO PAYLOADTYPE ( PAYLOADTYPEID, DOCUMENTTYPEID, PAYLOADTYPEDESC, PAYLOADVERSION, XMLSCHEMANAME, NONAMESCHEMALOCATION ) 
		VALUES (12, 92, 'Appraisal Upload REQUEST', '1', 'AppraisalRequest', 'http://10.1.1.225:8080/appraisal/schemas/appraisalOrderRequest.xsd'); 

------------ 4) SERVICEPRODUCTREQUESTASSOC
INSERT INTO SERVICEPRODUCTREQUESTASSOC ( SERVICEPRODUCTID, CHANNELID, PAYLOADTYPEID, SERVICETRANSACTIONTYPEID, REQUESTTYPEDESC, REQUESTTYPEID, REQUESTTYPESHORTNAME ) 
		VALUES (4, 3, 12, 1, 'Full Appraisal', 8, 'APP_REQ'); 
INSERT INTO SERVICEPRODUCTREQUESTASSOC ( SERVICEPRODUCTID, CHANNELID, PAYLOADTYPEID,SERVICETRANSACTIONTYPEID, REQUESTTYPEDESC, REQUESTTYPEID, REQUESTTYPESHORTNAME ) 
		VALUES (5, 3, 12, 1, 'Drive By Appraisal', 9, 'APP_REQ'); 
INSERT INTO SERVICEPRODUCTREQUESTASSOC ( SERVICEPRODUCTID, CHANNELID, PAYLOADTYPEID,SERVICETRANSACTIONTYPEID, REQUESTTYPEDESC, REQUESTTYPEID,REQUESTTYPESHORTNAME ) 
		VALUES (4, 3, 13, 3, 'Cancel Full Appraisal', 15, 'APP_CAN'); 
INSERT INTO SERVICEPRODUCTREQUESTASSOC ( SERVICEPRODUCTID, CHANNELID, PAYLOADTYPEID,SERVICETRANSACTIONTYPEID, REQUESTTYPEDESC, REQUESTTYPEID,REQUESTTYPESHORTNAME ) 
		VALUES (5, 3, 13, 3, 'Cancel Drive By Appraisal', 16, 'APP_CAN'); 
COMMIT;

------------------------------------------------------------------------------------------------------------------------------------------------------------------	
------------------------------------------------------ UPDATE local db with OSC ------------------------------------------------------ 

DELETE FROM SERVICEPRODUCTREQUESTASSOC WHERE PAYLOADTYPEID IN (20,21);
DELETE FROM TIMEOUTDEFINITIONASSOC WHERE SERVICEPRODUCTID IN (11,12);
DELETE FROM SERVICEPRODUCT WHERE SERVICEPRODUCTID IN (11, 12);
DELETE FROM CHANNEL WHERE CHANNELID = 5;
DELETE FROM PAYLOADTYPE WHERE PAYLOADTYPEID IN (20, 21);
DELETE FROM DOCUMENTTYPE WHERE DOCUMENTTYPEID IN (94, 95);

------------ 1) CHANNEL
INSERT INTO CHANNEL ( CHANNELID, CHANNELTYPEID, PROTOCOL, IP, PORT, USERID, PASSWORD, PATH, WSSERVICEPORT ) 
		VALUES (5, 1, 'http', '10.1.1.225', 8080, 'express_closing_routing', 'pwd_routing', '/DatXRouter/services/DatXRouter', 'DatXRouter'); 

------------ 3) SERVICEPRODUCT
INSERT INTO SERVICEPRODUCT ( SERVICEPRODUCTID, SERVICETYPEID, SERVICESUBTYPEID, SERVICESUBSUBTYPEID,
SERVICEPROVIDERID, SERVICEPRODUCTNAME, SERVICEPRODUCTDESC, SERVICEPRODUCTVERSION, STARTDATE,
ENDDATE, DISABLEDATE ) 
		 VALUES (11, 3, 6, NULL, 1, 'CompleteClose - Transfer', 'Outsourced Closing', '1.0',	TO_Date( '04/04/2006 08:41:41 PM', 'MM/DD/YYYY HH:MI:SS AM'), NULL, NULL); 

INSERT INTO SERVICEPRODUCT ( SERVICEPRODUCTID, SERVICETYPEID, SERVICESUBTYPEID, SERVICESUBSUBTYPEID,
SERVICEPROVIDERID, SERVICEPRODUCTNAME, SERVICEPRODUCTDESC, SERVICEPRODUCTVERSION, STARTDATE,
ENDDATE, DISABLEDATE ) 
		 VALUES (12, 3, 6, NULL, 1, 'IDV', 'Outsourced Closing for IDV', '1.0',  TO_Date( '04/04/2006 08:41:41 PM', 'MM/DD/YYYY HH:MI:SS AM'), NULL, NULL); 

------------ 2) TIMEOUTDEFINITIONASSOC
INSERT INTO TIMEOUTDEFINITIONASSOC ( CHANNELID, SERVICEPRODUCTID, SERVICETIMEOUT, DATXTIMEOUT ) VALUES (1, 11, 160, 120); 
INSERT INTO TIMEOUTDEFINITIONASSOC ( CHANNELID, SERVICEPRODUCTID, SERVICETIMEOUT, DATXTIMEOUT ) VALUES (1, 12, 160, 120); 

------------ 4) DOCUMENTTYPE
INSERT INTO DOCUMENTTYPE ( DOCUMENTTYPEID, DOCUMENTTYPENAME ) VALUES ( 94, 'Oursourced Closing REQUEST'); 
INSERT INTO DOCUMENTTYPE ( DOCUMENTTYPEID, DOCUMENTTYPENAME ) VALUES ( 95, 'Oursourced Closing CANCEL'); 

------------ 5) PAYLOADTYPE
INSERT INTO PAYLOADTYPE ( PAYLOADTYPEID, DOCUMENTTYPEID, PAYLOADTYPEDESC, PAYLOADVERSION, XMLSCHEMANAME, NONAMESCHEMALOCATION ) 
		VALUES (20, 94, ' Outsource Closing REQUEST', '1', 'createClosingRequest', 'http://10.1.1.225:8080/closing/schemas/closingServices_2.0.1.xsd'); 
INSERT INTO PAYLOADTYPE ( PAYLOADTYPEID, DOCUMENTTYPEID, PAYLOADTYPEDESC, PAYLOADVERSION, XMLSCHEMANAME, NONAMESCHEMALOCATION ) 
		VALUES (21, 95, 'Outsource Closing CANCEL', '1', 'ServiceCancel', 'http://10.1.1.225:8080/closing/schemas/ServiceCancel.xsd'); 

------------ 6) SERVICEPRODUCTREQUESTASSOC
INSERT INTO SERVICEPRODUCTREQUESTASSOC ( SERVICEPRODUCTID, CHANNELID, PAYLOADTYPEID, SERVICETRANSACTIONTYPEID, REQUESTTYPEDESC, REQUESTTYPEID, REQUESTTYPESHORTNAME ) 
		VALUES (11, 7, 20, 1, 'OSC Transfer Request', 17, 'OSC_REQ'); 
INSERT INTO SERVICEPRODUCTREQUESTASSOC ( SERVICEPRODUCTID, CHANNELID, PAYLOADTYPEID,SERVICETRANSACTIONTYPEID, REQUESTTYPEDESC, REQUESTTYPEID, REQUESTTYPESHORTNAME ) 
		VALUES (11, 7, 21, 3, 'OSC Transfer Cancel', 18, 'OSC_CAN'); 
INSERT INTO SERVICEPRODUCTREQUESTASSOC ( SERVICEPRODUCTID, CHANNELID, PAYLOADTYPEID,SERVICETRANSACTIONTYPEID, REQUESTTYPEDESC, REQUESTTYPEID,REQUESTTYPESHORTNAME ) 
		VALUES (12, 7, 20, 1, 'OSC IDV Request', 19, 'OSC_REQ'); 
INSERT INTO SERVICEPRODUCTREQUESTASSOC ( SERVICEPRODUCTID, CHANNELID, PAYLOADTYPEID,SERVICETRANSACTIONTYPEID, REQUESTTYPEDESC, REQUESTTYPEID,REQUESTTYPESHORTNAME ) 
		VALUES (12, 7, 21, 3, 'OSC IDV Cancel', 20, 'OSC_CAN'); 

------- Update for FPC
UPDATE SERVICEPRODUCTREQUESTASSOC SET PAYLOADTYPEID = 15 WHERE SERVICEPRODUCTID = 1 AND CHANNELID = 5;


COMMIT;

------------------------------------------------------------------------------------------------------------------------------------------------------------------	


