-- Begin export ...
-- Exporting table SERVICEPROVIDER
INSERT INTO SERVICEPROVIDER(SERVICEPROVIDERID, CONTACTID, COPYID, SERVICEPROVIDERNAME, STARTDATE, ENDDATE, RECEIVINGPARTYCODE) VALUES(6, null, 1, 'FCT', '2006-09-20 20:41:38.0', null, null);
INSERT INTO SERVICEPROVIDER(SERVICEPROVIDERID, CONTACTID, COPYID, SERVICEPROVIDERNAME, STARTDATE, ENDDATE, RECEIVINGPARTYCODE) VALUES(7, null, 1, 'Emergis', '2006-09-20 20:41:38.0', null, null);

-- End export successfully!
-- Begin export ...
-- Exporting table SERVICETYPE
INSERT INTO SERVICETYPE(SERVICETYPEID, SERVICETYPENAME, SERVICETYPEDESC) VALUES(3, 'Closing Service', '  ');

-- End export successfully!
-- Begin export ...
-- Exporting table SERVICESUBTYPE
INSERT INTO SERVICESUBTYPE(SERVICETYPEID, SERVICESUBTYPEID, SERVICESUBTYPENAME, SERVICESUBTYPEDESC) VALUES(3, 6, 'Outsourced Closing', 'When a lender outsources the funding and legal closing of its mortgages to a third party service provider');

-- End export successfully!
-- Begin export ...
-- Exporting table SERVICEPRODUCT
INSERT INTO SERVICEPRODUCT(SERVICEPRODUCTID, SERVICETYPEID, SERVICESUBTYPEID, SERVICESUBSUBTYPEID, SERVICEPROVIDERID, SERVICEPRODUCTNAME, SERVICEPRODUCTDESC, SERVICEPRODUCTVERSION, STARTDATE, ENDDATE, DISABLEDATE) VALUES(11, 3, 6, null, 1, 'CompleteClose - Transfer', 'Outsourced Closing', '1.0', sysdate, null, null);
INSERT INTO SERVICEPRODUCT(SERVICEPRODUCTID, SERVICETYPEID, SERVICESUBTYPEID, SERVICESUBSUBTYPEID, SERVICEPROVIDERID, SERVICEPRODUCTNAME, SERVICEPRODUCTDESC, SERVICEPRODUCTVERSION, STARTDATE, ENDDATE, DISABLEDATE) VALUES(12, 3, 6, null, 1, 'IDV', 'Outsourced Closing for IDV', '1.0', sysdate, null, null);
INSERT INTO SERVICEPRODUCT(SERVICEPRODUCTID, SERVICETYPEID, SERVICESUBTYPEID, SERVICESUBSUBTYPEID, SERVICEPROVIDERID, SERVICEPRODUCTNAME, SERVICEPRODUCTDESC, SERVICEPRODUCTVERSION, STARTDATE, ENDDATE, DISABLEDATE) VALUES(13, 3, 6, null, 6, 'Refinance with FCT Lawyer', 'Outsource closing with FCT', '1.0', sysdate, null, null);
INSERT INTO SERVICEPRODUCT(SERVICEPRODUCTID, SERVICETYPEID, SERVICESUBTYPEID, SERVICESUBSUBTYPEID, SERVICEPROVIDERID, SERVICEPRODUCTNAME, SERVICEPRODUCTDESC, SERVICEPRODUCTVERSION, STARTDATE, ENDDATE, DISABLEDATE) VALUES(14, 3, 6, null, 6, 'Refinance with Client Lawyer', 'Outsource closing with FCT', '1.0', sysdate, null, null);
INSERT INTO SERVICEPRODUCT(SERVICEPRODUCTID, SERVICETYPEID, SERVICESUBTYPEID, SERVICESUBSUBTYPEID, SERVICEPROVIDERID, SERVICEPRODUCTNAME, SERVICEPRODUCTDESC, SERVICEPRODUCTVERSION, STARTDATE, ENDDATE, DISABLEDATE) VALUES(15, 3, 6, null, 6, 'Purchase with FCT Lawyer', 'Outsource closing with FCT', '1.0', sysdate, null, null);
INSERT INTO SERVICEPRODUCT(SERVICEPRODUCTID, SERVICETYPEID, SERVICESUBTYPEID, SERVICESUBSUBTYPEID, SERVICEPROVIDERID, SERVICEPRODUCTNAME, SERVICEPRODUCTDESC, SERVICEPRODUCTVERSION, STARTDATE, ENDDATE, DISABLEDATE) VALUES(16, 3, 6, null, 6, 'Purchase with Client Lawyer', 'Outsourced Closing with FCT', '1.0', sysdate, null, null);
INSERT INTO SERVICEPRODUCT(SERVICEPRODUCTID, SERVICETYPEID, SERVICESUBTYPEID, SERVICESUBSUBTYPEID, SERVICEPROVIDERID, SERVICEPRODUCTNAME, SERVICEPRODUCTDESC, SERVICEPRODUCTVERSION, STARTDATE, ENDDATE, DISABLEDATE) VALUES(17, 3, 6, null, 6, 'Transfer with Funding', 'Outsourced Closing with FCT', '1.0', sysdate, null, null);
INSERT INTO SERVICEPRODUCT(SERVICEPRODUCTID, SERVICETYPEID, SERVICESUBTYPEID, SERVICESUBSUBTYPEID, SERVICEPROVIDERID, SERVICEPRODUCTNAME, SERVICEPRODUCTDESC, SERVICEPRODUCTVERSION, STARTDATE, ENDDATE, DISABLEDATE) VALUES(18, 3, 6, null, 6, 'Transfer without Funding', 'Outsourced Closing with FCT', '1.0', sysdate, null, null);
INSERT INTO SERVICEPRODUCT(SERVICEPRODUCTID, SERVICETYPEID, SERVICESUBTYPEID, SERVICESUBSUBTYPEID, SERVICEPROVIDERID, SERVICEPRODUCTNAME, SERVICEPRODUCTDESC, SERVICEPRODUCTVERSION, STARTDATE, ENDDATE, DISABLEDATE) VALUES(19, 3, 6, null, 6, 'In-house Refinance with Funding', 'Outsourced Closing with FCT', '1.0', sysdate, null, null);
INSERT INTO SERVICEPRODUCT(SERVICEPRODUCTID, SERVICETYPEID, SERVICESUBTYPEID, SERVICESUBSUBTYPEID, SERVICEPROVIDERID, SERVICEPRODUCTNAME, SERVICEPRODUCTDESC, SERVICEPRODUCTVERSION, STARTDATE, ENDDATE, DISABLEDATE) VALUES(20, 3, 6, null, 6, 'In-house Refinance without Funding', 'Outsourced Closing with FCT', '1.0', sysdate, null, null);
INSERT INTO SERVICEPRODUCT(SERVICEPRODUCTID, SERVICETYPEID, SERVICESUBTYPEID, SERVICESUBSUBTYPEID, SERVICEPROVIDERID, SERVICEPRODUCTNAME, SERVICEPRODUCTDESC, SERVICEPRODUCTVERSION, STARTDATE, ENDDATE, DISABLEDATE) VALUES(21, 3, 6, null, 7, 'Refinance', 'Outsourced Closing with Emergis', '1.0', sysdate, null, null);
INSERT INTO SERVICEPRODUCT(SERVICEPRODUCTID, SERVICETYPEID, SERVICESUBTYPEID, SERVICESUBSUBTYPEID, SERVICEPROVIDERID, SERVICEPRODUCTNAME, SERVICEPRODUCTDESC, SERVICEPRODUCTVERSION, STARTDATE, ENDDATE, DISABLEDATE) VALUES(22, 3, 6, null, 7, 'Loan/Sale', 'Outsourced Closing with Emergis', '1.0', sysdate, null, null);
INSERT INTO SERVICEPRODUCT(SERVICEPRODUCTID, SERVICETYPEID, SERVICESUBTYPEID, SERVICESUBSUBTYPEID, SERVICEPROVIDERID, SERVICEPRODUCTNAME, SERVICEPRODUCTDESC, SERVICEPRODUCTVERSION, STARTDATE, ENDDATE, DISABLEDATE) VALUES(23, 3, 6, null, 7, 'Credit Margin', 'Outsourced Closing with Emergis', '1.0', sysdate, null, null);

-- End export successfully!
-- Begin export ...
-- Exporting table DOCUMENTTYPE
INSERT INTO DOCUMENTTYPE(DOCUMENTTYPEID, DOCUMENTTYPENAME) VALUES(94, 'Oursourced Closing REQUEST');
INSERT INTO DOCUMENTTYPE(DOCUMENTTYPEID, DOCUMENTTYPENAME) VALUES(95, 'Oursourced Closing CANCEL');

-- End export successfully!
-- Begin export ...
-- Exporting table CHANNEL
INSERT INTO CHANNEL(CHANNELID, CHANNELTYPEID, PROTOCOL, IP, PORT, USERID, PASSWORD, PATH, WSSERVICEPORT) VALUES(5, 1, 'http', '10.1.1.225', 8080, 'express_closing_routing', 'pwd_routing', '/DatXRouter/services/DatXRouter', 'DatXRouter');

-- End export successfully!
-- Begin export ...
-- Exporting table PAYLOADTYPE
INSERT INTO PAYLOADTYPE(PAYLOADTYPEID, DOCUMENTTYPEID, PAYLOADTYPEDESC, PAYLOADVERSION, XMLSCHEMANAME, NONAMESCHEMALOCATION) VALUES(20, 94, 'Outsource Closing REQUEST', '1', 'createClosingRequest', 'http://10.1.1.225:8080/closing/schemas/closingServices_2.0.3.xsd');
INSERT INTO PAYLOADTYPE(PAYLOADTYPEID, DOCUMENTTYPEID, PAYLOADTYPEDESC, PAYLOADVERSION, XMLSCHEMANAME, NONAMESCHEMALOCATION) VALUES(21, 95, 'Outsource Closing CANCEL', '1', 'ServiceCancel', 'http://10.1.1.225:8080/closing/schemas/ServiceCancel.xsd');
--
-- End export successfully!
-- Begin export ...
-- Exporting table SERVICEPRODUCTREQUESTASSOC
INSERT INTO SERVICEPRODUCTREQUESTASSOC(SERVICEPRODUCTID, CHANNELID, PAYLOADTYPEID, SERVICETRANSACTIONTYPEID, REQUESTTYPEDESC, REQUESTTYPEID, REQUESTTYPESHORTNAME) VALUES(11, 5, 20, 1, 'OSC Transfer Request', null, 'OSC_REQ');
INSERT INTO SERVICEPRODUCTREQUESTASSOC(SERVICEPRODUCTID, CHANNELID, PAYLOADTYPEID, SERVICETRANSACTIONTYPEID, REQUESTTYPEDESC, REQUESTTYPEID, REQUESTTYPESHORTNAME) VALUES(11, 5, 21, 3, 'OSC Transfer Cancel', null, 'OSC_CAN');
INSERT INTO SERVICEPRODUCTREQUESTASSOC(SERVICEPRODUCTID, CHANNELID, PAYLOADTYPEID, SERVICETRANSACTIONTYPEID, REQUESTTYPEDESC, REQUESTTYPEID, REQUESTTYPESHORTNAME) VALUES(12, 5, 20, 1, 'OSC IDV Request', null, 'OSC_REQ');
INSERT INTO SERVICEPRODUCTREQUESTASSOC(SERVICEPRODUCTID, CHANNELID, PAYLOADTYPEID, SERVICETRANSACTIONTYPEID, REQUESTTYPEDESC, REQUESTTYPEID, REQUESTTYPESHORTNAME) VALUES(12, 5, 21, 3, 'OSC IDV Cancel', null, 'OSC_CAN');
INSERT INTO SERVICEPRODUCTREQUESTASSOC(SERVICEPRODUCTID, CHANNELID, PAYLOADTYPEID, SERVICETRANSACTIONTYPEID, REQUESTTYPEDESC, REQUESTTYPEID, REQUESTTYPESHORTNAME) VALUES(13, 5, 20, 1, 'Request for Outsourced Closing', null, 'OSC_REQ');
INSERT INTO SERVICEPRODUCTREQUESTASSOC(SERVICEPRODUCTID, CHANNELID, PAYLOADTYPEID, SERVICETRANSACTIONTYPEID, REQUESTTYPEDESC, REQUESTTYPEID, REQUESTTYPESHORTNAME) VALUES(13, 5, 21, 3, 'Cancellation for Outsourced Closing', null, 'OSC_CAN');
INSERT INTO SERVICEPRODUCTREQUESTASSOC(SERVICEPRODUCTID, CHANNELID, PAYLOADTYPEID, SERVICETRANSACTIONTYPEID, REQUESTTYPEDESC, REQUESTTYPEID, REQUESTTYPESHORTNAME) VALUES(14, 5, 20, 1, 'Request for Outsourced Closing', null, 'OSC_REQ');
INSERT INTO SERVICEPRODUCTREQUESTASSOC(SERVICEPRODUCTID, CHANNELID, PAYLOADTYPEID, SERVICETRANSACTIONTYPEID, REQUESTTYPEDESC, REQUESTTYPEID, REQUESTTYPESHORTNAME) VALUES(14, 5, 21, 3, 'Cancellation for Outsourced Closing', null, 'OSC_CAN');
INSERT INTO SERVICEPRODUCTREQUESTASSOC(SERVICEPRODUCTID, CHANNELID, PAYLOADTYPEID, SERVICETRANSACTIONTYPEID, REQUESTTYPEDESC, REQUESTTYPEID, REQUESTTYPESHORTNAME) VALUES(15, 5, 20, 1, 'Request for Outsourced Closing', null, 'OSC_REQ');
INSERT INTO SERVICEPRODUCTREQUESTASSOC(SERVICEPRODUCTID, CHANNELID, PAYLOADTYPEID, SERVICETRANSACTIONTYPEID, REQUESTTYPEDESC, REQUESTTYPEID, REQUESTTYPESHORTNAME) VALUES(15, 5, 21, 3, 'Cancellation for Outsourced Closing', null, 'OSC_CAN');
INSERT INTO SERVICEPRODUCTREQUESTASSOC(SERVICEPRODUCTID, CHANNELID, PAYLOADTYPEID, SERVICETRANSACTIONTYPEID, REQUESTTYPEDESC, REQUESTTYPEID, REQUESTTYPESHORTNAME) VALUES(16, 5, 20, 1, 'Request for Outsourced Closing', null, 'OSC_REQ');
INSERT INTO SERVICEPRODUCTREQUESTASSOC(SERVICEPRODUCTID, CHANNELID, PAYLOADTYPEID, SERVICETRANSACTIONTYPEID, REQUESTTYPEDESC, REQUESTTYPEID, REQUESTTYPESHORTNAME) VALUES(16, 5, 21, 3, 'Cancellation for Outsourced Closing', null, 'OSC_CAN');
INSERT INTO SERVICEPRODUCTREQUESTASSOC(SERVICEPRODUCTID, CHANNELID, PAYLOADTYPEID, SERVICETRANSACTIONTYPEID, REQUESTTYPEDESC, REQUESTTYPEID, REQUESTTYPESHORTNAME) VALUES(17, 5, 20, 1, 'Request for Outsourced Closing', null, 'OSC_REQ');
INSERT INTO SERVICEPRODUCTREQUESTASSOC(SERVICEPRODUCTID, CHANNELID, PAYLOADTYPEID, SERVICETRANSACTIONTYPEID, REQUESTTYPEDESC, REQUESTTYPEID, REQUESTTYPESHORTNAME) VALUES(17, 5, 21, 3, 'Cancellation for Outsourced Closing', null, 'OSC_CAN');
INSERT INTO SERVICEPRODUCTREQUESTASSOC(SERVICEPRODUCTID, CHANNELID, PAYLOADTYPEID, SERVICETRANSACTIONTYPEID, REQUESTTYPEDESC, REQUESTTYPEID, REQUESTTYPESHORTNAME) VALUES(18, 5, 20, 1, 'Request for Outsourced Closing', null, 'OSC_REQ');
INSERT INTO SERVICEPRODUCTREQUESTASSOC(SERVICEPRODUCTID, CHANNELID, PAYLOADTYPEID, SERVICETRANSACTIONTYPEID, REQUESTTYPEDESC, REQUESTTYPEID, REQUESTTYPESHORTNAME) VALUES(18, 5, 21, 3, 'Cancellation for Outsourced Closing', null, 'OSC_CAN');
INSERT INTO SERVICEPRODUCTREQUESTASSOC(SERVICEPRODUCTID, CHANNELID, PAYLOADTYPEID, SERVICETRANSACTIONTYPEID, REQUESTTYPEDESC, REQUESTTYPEID, REQUESTTYPESHORTNAME) VALUES(19, 5, 20, 1, 'Request for Outsourced Closing', null, 'OSC_REQ');
INSERT INTO SERVICEPRODUCTREQUESTASSOC(SERVICEPRODUCTID, CHANNELID, PAYLOADTYPEID, SERVICETRANSACTIONTYPEID, REQUESTTYPEDESC, REQUESTTYPEID, REQUESTTYPESHORTNAME) VALUES(19, 5, 21, 3, 'Cancellation for Outsourced Closing', null, 'OSC_CAN');
INSERT INTO SERVICEPRODUCTREQUESTASSOC(SERVICEPRODUCTID, CHANNELID, PAYLOADTYPEID, SERVICETRANSACTIONTYPEID, REQUESTTYPEDESC, REQUESTTYPEID, REQUESTTYPESHORTNAME) VALUES(20, 5, 20, 1, 'Request for Outsourced Closing', null, 'OSC_REQ');
INSERT INTO SERVICEPRODUCTREQUESTASSOC(SERVICEPRODUCTID, CHANNELID, PAYLOADTYPEID, SERVICETRANSACTIONTYPEID, REQUESTTYPEDESC, REQUESTTYPEID, REQUESTTYPESHORTNAME) VALUES(20, 5, 21, 3, 'Cancellation for Outsourced Closing', null, 'OSC_CAN');
INSERT INTO SERVICEPRODUCTREQUESTASSOC(SERVICEPRODUCTID, CHANNELID, PAYLOADTYPEID, SERVICETRANSACTIONTYPEID, REQUESTTYPEDESC, REQUESTTYPEID, REQUESTTYPESHORTNAME) VALUES(21, 5, 20, 1, 'Request for Outsourced Closing', null, 'OSC_REQ');
INSERT INTO SERVICEPRODUCTREQUESTASSOC(SERVICEPRODUCTID, CHANNELID, PAYLOADTYPEID, SERVICETRANSACTIONTYPEID, REQUESTTYPEDESC, REQUESTTYPEID, REQUESTTYPESHORTNAME) VALUES(21, 5, 21, 3, 'Cancellation for Outsourced Closing', null, 'OSC_CAN');
INSERT INTO SERVICEPRODUCTREQUESTASSOC(SERVICEPRODUCTID, CHANNELID, PAYLOADTYPEID, SERVICETRANSACTIONTYPEID, REQUESTTYPEDESC, REQUESTTYPEID, REQUESTTYPESHORTNAME) VALUES(22, 5, 20, 1, 'Request for Outsourced Closing', null, 'OSC_REQ');
INSERT INTO SERVICEPRODUCTREQUESTASSOC(SERVICEPRODUCTID, CHANNELID, PAYLOADTYPEID, SERVICETRANSACTIONTYPEID, REQUESTTYPEDESC, REQUESTTYPEID, REQUESTTYPESHORTNAME) VALUES(22, 5, 21, 3, 'Cancellation for Outsourced Closing', null, 'OSC_CAN');
INSERT INTO SERVICEPRODUCTREQUESTASSOC(SERVICEPRODUCTID, CHANNELID, PAYLOADTYPEID, SERVICETRANSACTIONTYPEID, REQUESTTYPEDESC, REQUESTTYPEID, REQUESTTYPESHORTNAME) VALUES(23, 5, 20, 1, 'Request for Outsourced Closing', null, 'OSC_REQ');
INSERT INTO SERVICEPRODUCTREQUESTASSOC(SERVICEPRODUCTID, CHANNELID, PAYLOADTYPEID, SERVICETRANSACTIONTYPEID, REQUESTTYPEDESC, REQUESTTYPEID, REQUESTTYPESHORTNAME) VALUES(23, 5, 21, 3, 'Cancellation for Outsourced Closing', null, 'OSC_CAN');
--
-- End export successfully!
